,Face_Model,Heuristics,Identification_Model,Metric,Values,Probe_place,Gallery_place,mAP
0,retinaface,none,VGG-Face,cosine,"0.004366812227074236,0.026200873362445413,0.03056768558951965,0.034934497816593885,0.048034934497816595,0.056768558951965066,0.06550218340611354,0.07423580786026202,0.08296943231441048,0.08733624454148471,0.10043668122270742,0.11353711790393013,0.12663755458515283,0.13973799126637554,0.14847161572052403,0.15283842794759825,0.1615720524017467,0.16593886462882096,0.17467248908296942,0.1965065502183406,0.21397379912663755,0.22707423580786026,0.2314410480349345,0.2314410480349345,0.24017467248908297,0.24890829694323144,0.2576419213973799,0.26200873362445415,0.2838427947598253,0.2925764192139738,0.3056768558951965,0.314410480349345,0.31877729257641924,0.32751091703056767,0.3406113537117904,0.34497816593886466,0.3537117903930131,0.3624454148471616,0.37117903930131,0.37554585152838427,0.3799126637554585,0.38427947598253276,0.388646288209607,0.388646288209607,0.39737991266375544,0.39737991266375544,0.4017467248908297,0.4104803493449782,0.4104803493449782,0.4366812227074236,0.4410480349344978,0.4497816593886463,0.4585152838427948,0.462882096069869,0.48034934497816595,0.4847161572052402,0.4890829694323144,0.4890829694323144,0.49344978165938863,0.4978165938864629,0.4978165938864629,0.5065502183406113,0.5109170305676856,0.5109170305676856,0.5240174672489083,0.5327510917030568,0.537117903930131,0.537117903930131,0.5458515283842795,0.5589519650655022,0.5589519650655022,0.5633187772925764,0.5720524017467249,0.5764192139737991,0.5807860262008734,0.5895196506550219,0.5938864628820961,0.5982532751091703,0.6026200873362445,0.611353711790393,0.6157205240174672,0.6200873362445415,0.6200873362445415,0.6200873362445415,0.6244541484716157,0.6244541484716157,0.6244541484716157,0.6462882096069869,0.6462882096069869,0.6462882096069869,0.6593886462882096,0.6637554585152838,0.6681222707423581,0.6681222707423581,0.6681222707423581,0.6681222707423581,0.6681222707423581,0.6681222707423581,0.6724890829694323,0.6812227074235808,0.6812227074235808,0.6812227074235808,0.6899563318777293,0.6899563318777293,0.6899563318777293,0.6943231441048034,0.6943231441048034",Ayagaures,PresaDeHornos,0.03266577994618966
1,AlignedReId,None,ResNet50,cosine,"0.0,0.0,0.0,0.0,0.004901960784313725,0.004901960784313725,0.00980392156862745,0.00980392156862745,0.00980392156862745,0.0196078431372549,0.0196078431372549,0.0196078431372549,0.0196078431372549,0.0196078431372549,0.024509803921568627,0.03431372549019608,0.03431372549019608,0.04411764705882353,0.04411764705882353,0.04411764705882353,0.058823529411764705,0.06372549019607843,0.0784313725490196,0.08823529411764706,0.08823529411764706,0.09803921568627451,0.09803921568627451,0.10294117647058823,0.10784313725490197,0.10784313725490197,0.10784313725490197,0.11764705882352941,0.12745098039215685,0.12745098039215685,0.12745098039215685,0.13725490196078433,0.14215686274509803,0.15196078431372548,0.15196078431372548,0.16666666666666666,0.16666666666666666,0.16666666666666666,0.1715686274509804,0.1715686274509804,0.17647058823529413,0.17647058823529413,0.17647058823529413,0.19117647058823528,0.19117647058823528,0.19607843137254902,0.20588235294117646,0.2107843137254902,0.21568627450980393,0.21568627450980393,0.22058823529411764,0.22058823529411764,0.22549019607843138,0.23039215686274508,0.23039215686274508,0.23529411764705882,0.24509803921568626,0.24509803921568626,0.24509803921568626,0.24509803921568626,0.24509803921568626,0.2549019607843137,0.2549019607843137,0.2647058823529412,0.27450980392156865,0.28431372549019607,0.28431372549019607,0.29411764705882354,0.3088235294117647,0.3088235294117647,0.3088235294117647,0.3137254901960784,0.31862745098039214,0.3235294117647059,0.3235294117647059,0.3333333333333333,0.3333333333333333,0.3382352941176471,0.3431372549019608,0.3431372549019608,0.3480392156862745,0.3480392156862745,0.35784313725490197,0.35784313725490197,0.3627450980392157,0.37745098039215685,0.37745098039215685,0.3872549019607843,0.39705882352941174,0.39705882352941174,0.4068627450980392,0.4117647058823529,0.4166666666666667,0.4215686274509804,0.4362745098039216,0.4411764705882353,0.44607843137254904,0.45098039215686275,0.45098039215686275,0.46078431372549017,0.47549019607843135,0.4852941176470588,0.49019607843137253",Ayagaures,PresaDeHornos,0.014242744393949546
2,AlignedReId,None,ResNet50,euclidean,"0.18137254901960784,0.25,0.28921568627450983,0.3088235294117647,0.3235294117647059,0.3382352941176471,0.35294117647058826,0.37745098039215685,0.39215686274509803,0.4019607843137255,0.4166666666666667,0.45098039215686275,0.45588235294117646,0.45588235294117646,0.47549019607843135,0.49019607843137253,0.49019607843137253,0.5,0.5098039215686274,0.5098039215686274,0.5098039215686274,0.5245098039215687,0.5343137254901961,0.5490196078431373,0.5490196078431373,0.5588235294117647,0.5686274509803921,0.5735294117647058,0.5833333333333334,0.5833333333333334,0.5833333333333334,0.5931372549019608,0.6078431372549019,0.6078431372549019,0.6176470588235294,0.6225490196078431,0.6225490196078431,0.6225490196078431,0.6274509803921569,0.6372549019607843,0.6421568627450981,0.6421568627450981,0.6470588235294118,0.6568627450980392,0.6764705882352942,0.6813725490196079,0.6862745098039216,0.696078431372549,0.696078431372549,0.696078431372549,0.696078431372549,0.7009803921568627,0.7156862745098039,0.7254901960784313,0.7254901960784313,0.7303921568627451,0.7450980392156863,0.7647058823529411,0.7696078431372549,0.7745098039215687,0.7794117647058824,0.7794117647058824,0.7794117647058824,0.7892156862745098,0.7990196078431373,0.803921568627451,0.8137254901960784,0.8137254901960784,0.8137254901960784,0.8137254901960784,0.8137254901960784,0.8137254901960784,0.8186274509803921,0.8333333333333334,0.8480392156862745,0.8578431372549019,0.8578431372549019,0.8676470588235294,0.8725490196078431,0.8774509803921569,0.8823529411764706,0.8823529411764706,0.8823529411764706,0.8872549019607843,0.8921568627450981,0.8970588235294118,0.8970588235294118,0.8970588235294118,0.8970588235294118,0.8970588235294118,0.9019607843137255,0.9019607843137255,0.9019607843137255,0.9068627450980392,0.9117647058823529,0.9166666666666666,0.9166666666666666,0.9166666666666666,0.9166666666666666,0.9166666666666666,0.9166666666666666,0.9215686274509803,0.9215686274509803,0.9215686274509803,0.9215686274509803,0.9215686274509803,0.9264705882352942",Ayagaures,PresaDeHornos,0.18984581526453306
3,AlignedReId,None,ResNet50,euclidean,"0.3137254901960784,0.38235294117647056,0.4411764705882353,0.4803921568627451,0.5294117647058824,0.553921568627451,0.5833333333333334,0.6029411764705882,0.6323529411764706,0.6421568627450981,0.6470588235294118,0.6666666666666666,0.6764705882352942,0.7009803921568627,0.7107843137254902,0.7254901960784313,0.7254901960784313,0.7450980392156863,0.7549019607843137,0.7647058823529411,0.7696078431372549,0.7696078431372549,0.7892156862745098,0.7941176470588235,0.7941176470588235,0.7990196078431373,0.8137254901960784,0.8137254901960784,0.8186274509803921,0.8235294117647058,0.8284313725490197,0.8333333333333334,0.8333333333333334,0.8333333333333334,0.8333333333333334,0.8382352941176471,0.8480392156862745,0.8480392156862745,0.8578431372549019,0.8578431372549019,0.8578431372549019,0.8578431372549019,0.8627450980392157,0.8676470588235294,0.8676470588235294,0.8725490196078431,0.8823529411764706,0.8823529411764706,0.8823529411764706,0.8921568627450981,0.8921568627450981,0.8921568627450981,0.8970588235294118,0.8970588235294118,0.9019607843137255,0.9019607843137255,0.9019607843137255,0.9068627450980392,0.9068627450980392,0.9068627450980392,0.9068627450980392,0.9068627450980392,0.9068627450980392,0.9068627450980392,0.9068627450980392,0.9117647058823529,0.9166666666666666,0.9166666666666666,0.9166666666666666,0.9166666666666666,0.9166666666666666,0.9166666666666666,0.9166666666666666,0.9166666666666666,0.9166666666666666,0.9215686274509803,0.9215686274509803,0.9215686274509803,0.9264705882352942,0.9264705882352942,0.9264705882352942,0.9264705882352942,0.9313725490196079,0.9362745098039216,0.9362745098039216,0.9362745098039216,0.9362745098039216,0.9362745098039216,0.9411764705882353,0.946078431372549,0.946078431372549,0.946078431372549,0.946078431372549,0.946078431372549,0.946078431372549,0.946078431372549,0.946078431372549,0.946078431372549,0.946078431372549,0.946078431372549,0.946078431372549,0.946078431372549,0.946078431372549,0.9509803921568627,0.9509803921568627,0.9558823529411765,0.9558823529411765",Ayagaures,ParqueSur,0.3609322619559891
4,AlignedReId,None,ResNet50,cosine,"0.0,0.0,0.0,0.0,0.0,0.004901960784313725,0.004901960784313725,0.00980392156862745,0.00980392156862745,0.014705882352941176,0.014705882352941176,0.014705882352941176,0.014705882352941176,0.024509803921568627,0.024509803921568627,0.029411764705882353,0.029411764705882353,0.029411764705882353,0.029411764705882353,0.029411764705882353,0.029411764705882353,0.029411764705882353,0.029411764705882353,0.029411764705882353,0.029411764705882353,0.029411764705882353,0.03431372549019608,0.03431372549019608,0.03431372549019608,0.03431372549019608,0.04411764705882353,0.04411764705882353,0.04411764705882353,0.04411764705882353,0.04411764705882353,0.04411764705882353,0.04411764705882353,0.049019607843137254,0.049019607843137254,0.049019607843137254,0.049019607843137254,0.049019607843137254,0.049019607843137254,0.049019607843137254,0.049019607843137254,0.049019607843137254,0.049019607843137254,0.049019607843137254,0.049019607843137254,0.049019607843137254,0.05392156862745098,0.05392156862745098,0.05392156862745098,0.058823529411764705,0.058823529411764705,0.06372549019607843,0.06862745098039216,0.06862745098039216,0.06862745098039216,0.07352941176470588,0.07352941176470588,0.07352941176470588,0.07352941176470588,0.07352941176470588,0.0784313725490196,0.08333333333333333,0.08333333333333333,0.08823529411764706,0.08823529411764706,0.08823529411764706,0.08823529411764706,0.09313725490196079,0.09313725490196079,0.09313725490196079,0.09313725490196079,0.09313725490196079,0.09313725490196079,0.09803921568627451,0.09803921568627451,0.09803921568627451,0.09803921568627451,0.09803921568627451,0.09803921568627451,0.09803921568627451,0.09803921568627451,0.09803921568627451,0.09803921568627451,0.10294117647058823,0.10294117647058823,0.10294117647058823,0.10294117647058823,0.10294117647058823,0.10784313725490197,0.10784313725490197,0.10784313725490197,0.10784313725490197,0.10784313725490197,0.10784313725490197,0.11764705882352941,0.11764705882352941,0.11764705882352941,0.12254901960784313,0.1323529411764706,0.1323529411764706,0.1323529411764706,0.15196078431372548,0.15196078431372548",Ayagaures,ParqueSur,0.011035877444873572
5,AlignedReId,None,ResNet50,cosine,"0.0,0.005235602094240838,0.007853403141361256,0.010471204188481676,0.015706806282722512,0.020942408376963352,0.02356020942408377,0.02356020942408377,0.02617801047120419,0.028795811518324606,0.031413612565445025,0.031413612565445025,0.034031413612565446,0.034031413612565446,0.03664921465968586,0.03926701570680628,0.041884816753926704,0.04712041884816754,0.049738219895287955,0.0549738219895288,0.0549738219895288,0.05759162303664921,0.060209424083769635,0.06806282722513089,0.07591623036649214,0.07591623036649214,0.07591623036649214,0.07591623036649214,0.07853403141361257,0.08900523560209424,0.08900523560209424,0.09162303664921466,0.09162303664921466,0.09162303664921466,0.09424083769633508,0.09424083769633508,0.09947643979057591,0.09947643979057591,0.10471204188481675,0.1099476439790576,0.1099476439790576,0.112565445026178,0.112565445026178,0.112565445026178,0.11780104712041885,0.12041884816753927,0.12303664921465969,0.12827225130890052,0.13089005235602094,0.13089005235602094,0.13089005235602094,0.13089005235602094,0.13350785340314136,0.13612565445026178,0.14397905759162305,0.14921465968586387,0.15706806282722513,0.15706806282722513,0.15706806282722513,0.1649214659685864,0.1649214659685864,0.17015706806282724,0.17015706806282724,0.17277486910994763,0.17539267015706805,0.17801047120418848,0.17801047120418848,0.1806282722513089,0.18586387434554974,0.18586387434554974,0.19109947643979058,0.19109947643979058,0.193717277486911,0.19633507853403143,0.20157068062827224,0.20680628272251309,0.21727748691099477,0.2198952879581152,0.2198952879581152,0.2198952879581152,0.225130890052356,0.225130890052356,0.23036649214659685,0.2356020942408377,0.2356020942408377,0.24083769633507854,0.24083769633507854,0.24607329842931938,0.24607329842931938,0.2486910994764398,0.25392670157068065,0.2591623036649215,0.2643979057591623,0.2670157068062827,0.27486910994764396,0.28272251308900526,0.28534031413612565,0.2879581151832461,0.29581151832460734,0.3036649214659686,0.3036649214659686,0.31151832460732987,0.31675392670157065,0.3193717277486911,0.3219895287958115,0.32460732984293195,0.32460732984293195",Arucas,Ayagaures,0.018208074088982968
6,AlignedReId,None,ResNet50,cosine,"0.002617801047120419,0.002617801047120419,0.002617801047120419,0.005235602094240838,0.007853403141361256,0.007853403141361256,0.007853403141361256,0.010471204188481676,0.013089005235602094,0.015706806282722512,0.01832460732984293,0.01832460732984293,0.01832460732984293,0.020942408376963352,0.020942408376963352,0.02356020942408377,0.02356020942408377,0.02617801047120419,0.028795811518324606,0.028795811518324606,0.028795811518324606,0.028795811518324606,0.034031413612565446,0.034031413612565446,0.03664921465968586,0.03664921465968586,0.03664921465968586,0.03664921465968586,0.041884816753926704,0.04712041884816754,0.04712041884816754,0.04712041884816754,0.05235602094240838,0.05235602094240838,0.05235602094240838,0.0549738219895288,0.0549738219895288,0.0549738219895288,0.060209424083769635,0.06544502617801047,0.06544502617801047,0.06544502617801047,0.07853403141361257,0.08115183246073299,0.08376963350785341,0.08900523560209424,0.09162303664921466,0.09162303664921466,0.0968586387434555,0.10209424083769633,0.10471204188481675,0.10732984293193717,0.10732984293193717,0.10732984293193717,0.1099476439790576,0.1099476439790576,0.11518324607329843,0.11780104712041885,0.1256544502617801,0.1256544502617801,0.13089005235602094,0.13350785340314136,0.13350785340314136,0.13612565445026178,0.1387434554973822,0.1387434554973822,0.14659685863874344,0.14921465968586387,0.1518324607329843,0.1544502617801047,0.15968586387434555,0.16230366492146597,0.1649214659685864,0.17277486910994763,0.17539267015706805,0.17801047120418848,0.1806282722513089,0.18848167539267016,0.19109947643979058,0.19633507853403143,0.19895287958115182,0.20157068062827224,0.20418848167539266,0.20680628272251309,0.2094240837696335,0.21465968586387435,0.21727748691099477,0.2198952879581152,0.22251308900523561,0.22774869109947643,0.23036649214659685,0.23036649214659685,0.23036649214659685,0.23298429319371727,0.2356020942408377,0.2356020942408377,0.24345549738219896,0.25392670157068065,0.25654450261780104,0.2617801047120419,0.2617801047120419,0.2617801047120419,0.2670157068062827,0.2670157068062827,0.27225130890052357,0.2774869109947644,0.2801047120418848",Arucas,ParqueSur,0.013064504964742266
7,AlignedReId,None,ResNet50,cosine,"0.007853403141361256,0.007853403141361256,0.010471204188481676,0.013089005235602094,0.013089005235602094,0.013089005235602094,0.015706806282722512,0.015706806282722512,0.02356020942408377,0.02617801047120419,0.028795811518324606,0.034031413612565446,0.03664921465968586,0.03926701570680628,0.04450261780104712,0.049738219895287955,0.05759162303664921,0.05759162303664921,0.05759162303664921,0.060209424083769635,0.06806282722513089,0.06806282722513089,0.07068062827225131,0.07853403141361257,0.08376963350785341,0.09162303664921466,0.0968586387434555,0.09947643979057591,0.10732984293193717,0.11518324607329843,0.11518324607329843,0.12303664921465969,0.1256544502617801,0.12827225130890052,0.13089005235602094,0.13612565445026178,0.14659685863874344,0.14921465968586387,0.14921465968586387,0.16230366492146597,0.16230366492146597,0.16230366492146597,0.17015706806282724,0.17277486910994763,0.17277486910994763,0.18586387434554974,0.19109947643979058,0.19109947643979058,0.20157068062827224,0.20418848167539266,0.21204188481675393,0.21727748691099477,0.22251308900523561,0.23298429319371727,0.24607329842931938,0.24607329842931938,0.2591623036649215,0.2670157068062827,0.2696335078534031,0.2696335078534031,0.27486910994764396,0.28272251308900526,0.2879581151832461,0.2905759162303665,0.29581151832460734,0.29581151832460734,0.3010471204188482,0.3010471204188482,0.3036649214659686,0.3089005235602094,0.31413612565445026,0.32460732984293195,0.32460732984293195,0.3324607329842932,0.337696335078534,0.34554973821989526,0.34554973821989526,0.3481675392670157,0.3481675392670157,0.3507853403141361,0.3586387434554974,0.3586387434554974,0.3612565445026178,0.36649214659685864,0.3743455497382199,0.3769633507853403,0.38219895287958117,0.38219895287958117,0.38481675392670156,0.387434554973822,0.3900523560209424,0.39790575916230364,0.4031413612565445,0.4031413612565445,0.4162303664921466,0.4162303664921466,0.4214659685863874,0.42670157068062825,0.4319371727748691,0.43717277486910994,0.4424083769633508,0.45287958115183247,0.4581151832460733,0.4581151832460733,0.46335078534031415,0.4738219895287958,0.4816753926701571",Arucas,PresaDeHornos,0.018597719640960825
8,AlignedReId,None,ResNet50,cosine,"0.0,0.0,0.002617801047120419,0.005235602094240838,0.005235602094240838,0.005235602094240838,0.005235602094240838,0.007853403141361256,0.013089005235602094,0.020942408376963352,0.02356020942408377,0.02617801047120419,0.031413612565445025,0.034031413612565446,0.041884816753926704,0.04450261780104712,0.049738219895287955,0.05235602094240838,0.05235602094240838,0.06282722513089005,0.06806282722513089,0.07591623036649214,0.07853403141361257,0.08638743455497382,0.08638743455497382,0.09162303664921466,0.0968586387434555,0.0968586387434555,0.10209424083769633,0.10732984293193717,0.1099476439790576,0.112565445026178,0.11780104712041885,0.12303664921465969,0.13089005235602094,0.13612565445026178,0.1387434554973822,0.14397905759162305,0.14659685863874344,0.14659685863874344,0.15706806282722513,0.15706806282722513,0.1649214659685864,0.17015706806282724,0.17277486910994763,0.1806282722513089,0.18324607329842932,0.19109947643979058,0.19633507853403143,0.19895287958115182,0.20418848167539266,0.21465968586387435,0.21727748691099477,0.225130890052356,0.23036649214659685,0.23036649214659685,0.2356020942408377,0.24083769633507854,0.24345549738219896,0.2643979057591623,0.27486910994764396,0.2774869109947644,0.28272251308900526,0.2879581151832461,0.2931937172774869,0.29581151832460734,0.306282722513089,0.3089005235602094,0.3089005235602094,0.3089005235602094,0.31413612565445026,0.3193717277486911,0.3219895287958115,0.32722513089005234,0.3298429319371728,0.3298429319371728,0.3324607329842932,0.337696335078534,0.34554973821989526,0.3481675392670157,0.3586387434554974,0.3586387434554974,0.3717277486910995,0.3769633507853403,0.3795811518324607,0.3900523560209424,0.39267015706806285,0.39267015706806285,0.39790575916230364,0.4083769633507853,0.41361256544502617,0.42408376963350786,0.4293193717277487,0.43717277486910994,0.4397905759162304,0.450261780104712,0.45549738219895286,0.4607329842931937,0.46596858638743455,0.4790575916230366,0.4816753926701571,0.49476439790575916,0.5,0.5104712041884817,0.5157068062827225,0.5261780104712042,0.5366492146596858",Arucas,Teror,0.016733470719561747
9,AlignedReId,None,ResNet50,cosine,"0.0,0.0,0.0,0.0,0.0,0.0,0.004901960784313725,0.00980392156862745,0.00980392156862745,0.014705882352941176,0.0196078431372549,0.024509803921568627,0.029411764705882353,0.029411764705882353,0.029411764705882353,0.029411764705882353,0.03431372549019608,0.03431372549019608,0.0392156862745098,0.049019607843137254,0.049019607843137254,0.058823529411764705,0.06372549019607843,0.0784313725490196,0.0784313725490196,0.08333333333333333,0.08333333333333333,0.08823529411764706,0.08823529411764706,0.08823529411764706,0.08823529411764706,0.08823529411764706,0.08823529411764706,0.09313725490196079,0.09803921568627451,0.11274509803921569,0.12254901960784313,0.12745098039215685,0.12745098039215685,0.13725490196078433,0.13725490196078433,0.13725490196078433,0.14215686274509803,0.14705882352941177,0.14705882352941177,0.14705882352941177,0.14705882352941177,0.14705882352941177,0.14705882352941177,0.14705882352941177,0.14705882352941177,0.1568627450980392,0.1568627450980392,0.1568627450980392,0.1568627450980392,0.1568627450980392,0.16176470588235295,0.16176470588235295,0.16666666666666666,0.16666666666666666,0.16666666666666666,0.1715686274509804,0.1715686274509804,0.1715686274509804,0.1715686274509804,0.1715686274509804,0.1715686274509804,0.1715686274509804,0.1715686274509804,0.1715686274509804,0.17647058823529413,0.17647058823529413,0.17647058823529413,0.18137254901960784,0.18627450980392157,0.18627450980392157,0.19607843137254902,0.19607843137254902,0.19607843137254902,0.20098039215686275,0.20098039215686275,0.20098039215686275,0.2107843137254902,0.2107843137254902,0.2107843137254902,0.2107843137254902,0.21568627450980393,0.21568627450980393,0.21568627450980393,0.22058823529411764,0.22058823529411764,0.22549019607843138,0.22549019607843138,0.23039215686274508,0.23529411764705882,0.23529411764705882,0.24019607843137256,0.24019607843137256,0.24509803921568626,0.24509803921568626,0.25,0.2549019607843137,0.2549019607843137,0.2549019607843137,0.25980392156862747,0.25980392156862747,0.25980392156862747",Ayagaures,Arucas,0.012996971472069494
10,AlignedReId,None,ResNet50,cosine,"0.004901960784313725,0.004901960784313725,0.004901960784313725,0.004901960784313725,0.004901960784313725,0.004901960784313725,0.014705882352941176,0.014705882352941176,0.014705882352941176,0.014705882352941176,0.0196078431372549,0.024509803921568627,0.029411764705882353,0.04411764705882353,0.05392156862745098,0.05392156862745098,0.06862745098039216,0.0784313725490196,0.0784313725490196,0.08823529411764706,0.08823529411764706,0.08823529411764706,0.10294117647058823,0.10294117647058823,0.10784313725490197,0.10784313725490197,0.10784313725490197,0.10784313725490197,0.11274509803921569,0.11274509803921569,0.12254901960784313,0.12745098039215685,0.1323529411764706,0.14215686274509803,0.1568627450980392,0.1568627450980392,0.16176470588235295,0.16666666666666666,0.18137254901960784,0.18137254901960784,0.18627450980392157,0.18627450980392157,0.20098039215686275,0.20098039215686275,0.20098039215686275,0.2107843137254902,0.2107843137254902,0.21568627450980393,0.21568627450980393,0.22549019607843138,0.22549019607843138,0.22549019607843138,0.22549019607843138,0.24509803921568626,0.25,0.25,0.25,0.25,0.2696078431372549,0.29411764705882354,0.30392156862745096,0.30392156862745096,0.3088235294117647,0.3088235294117647,0.31862745098039214,0.31862745098039214,0.3235294117647059,0.3235294117647059,0.3284313725490196,0.3284313725490196,0.3480392156862745,0.35294117647058826,0.35294117647058826,0.36764705882352944,0.37254901960784315,0.38235294117647056,0.39215686274509803,0.39215686274509803,0.39705882352941174,0.4019607843137255,0.4019607843137255,0.4117647058823529,0.4264705882352941,0.4264705882352941,0.4264705882352941,0.43137254901960786,0.4411764705882353,0.4411764705882353,0.45098039215686275,0.45098039215686275,0.45098039215686275,0.45588235294117646,0.46078431372549017,0.47549019607843135,0.47549019607843135,0.4950980392156863,0.4950980392156863,0.5049019607843137,0.5098039215686274,0.5147058823529411,0.5196078431372549,0.5294117647058824,0.5294117647058824,0.5294117647058824,0.5343137254901961,0.5343137254901961,0.5392156862745098",Ayagaures,Teror,0.02130951465161468
11,AlignedReId,None,ResNet50,cosine,"0.0,0.0,0.004149377593360996,0.008298755186721992,0.008298755186721992,0.008298755186721992,0.008298755186721992,0.008298755186721992,0.012448132780082987,0.012448132780082987,0.012448132780082987,0.012448132780082987,0.012448132780082987,0.02074688796680498,0.024896265560165973,0.04149377593360996,0.04149377593360996,0.04149377593360996,0.04149377593360996,0.04149377593360996,0.04149377593360996,0.04564315352697095,0.04979253112033195,0.04979253112033195,0.05394190871369295,0.058091286307053944,0.06224066390041494,0.06639004149377593,0.07053941908713693,0.07053941908713693,0.07053941908713693,0.07468879668049792,0.07883817427385892,0.07883817427385892,0.07883817427385892,0.07883817427385892,0.07883817427385892,0.08713692946058091,0.0912863070539419,0.0912863070539419,0.0954356846473029,0.0954356846473029,0.1037344398340249,0.1037344398340249,0.1078838174273859,0.11203319502074689,0.12033195020746888,0.12033195020746888,0.12033195020746888,0.12448132780082988,0.12448132780082988,0.12448132780082988,0.12448132780082988,0.12863070539419086,0.13692946058091288,0.13692946058091288,0.14107883817427386,0.14107883817427386,0.14107883817427386,0.14522821576763487,0.14937759336099585,0.14937759336099585,0.14937759336099585,0.14937759336099585,0.14937759336099585,0.14937759336099585,0.14937759336099585,0.14937759336099585,0.16182572614107885,0.17427385892116182,0.1825726141078838,0.1825726141078838,0.18672199170124482,0.1908713692946058,0.1908713692946058,0.1908713692946058,0.1908713692946058,0.1908713692946058,0.1908713692946058,0.1908713692946058,0.1950207468879668,0.1991701244813278,0.2033195020746888,0.21161825726141079,0.21161825726141079,0.21161825726141079,0.2157676348547718,0.21991701244813278,0.21991701244813278,0.21991701244813278,0.21991701244813278,0.21991701244813278,0.22821576763485477,0.22821576763485477,0.22821576763485477,0.23236514522821577,0.23236514522821577,0.23236514522821577,0.23236514522821577,0.23236514522821577,0.23651452282157676,0.24481327800829875,0.24896265560165975,0.24896265560165975,0.25311203319502074,0.26141078838174275,0.26141078838174275",ParqueSur,Arucas,0.01275690596418558
12,AlignedReId,None,ResNet50,cosine,"0.0,0.0,0.0,0.0,0.0,0.0,0.0,0.0,0.0,0.004149377593360996,0.004149377593360996,0.004149377593360996,0.004149377593360996,0.004149377593360996,0.004149377593360996,0.004149377593360996,0.008298755186721992,0.008298755186721992,0.008298755186721992,0.008298755186721992,0.008298755186721992,0.008298755186721992,0.008298755186721992,0.008298755186721992,0.008298755186721992,0.012448132780082987,0.012448132780082987,0.012448132780082987,0.012448132780082987,0.012448132780082987,0.012448132780082987,0.012448132780082987,0.016597510373443983,0.016597510373443983,0.016597510373443983,0.016597510373443983,0.02074688796680498,0.02074688796680498,0.02074688796680498,0.024896265560165973,0.024896265560165973,0.029045643153526972,0.029045643153526972,0.029045643153526972,0.029045643153526972,0.04149377593360996,0.04564315352697095,0.04564315352697095,0.04564315352697095,0.04979253112033195,0.04979253112033195,0.04979253112033195,0.04979253112033195,0.04979253112033195,0.04979253112033195,0.05394190871369295,0.05394190871369295,0.058091286307053944,0.058091286307053944,0.058091286307053944,0.06224066390041494,0.06639004149377593,0.06639004149377593,0.06639004149377593,0.06639004149377593,0.06639004149377593,0.06639004149377593,0.06639004149377593,0.07053941908713693,0.07468879668049792,0.07883817427385892,0.07883817427385892,0.08298755186721991,0.08298755186721991,0.08298755186721991,0.0912863070539419,0.0912863070539419,0.0912863070539419,0.0912863070539419,0.0912863070539419,0.1037344398340249,0.1078838174273859,0.11203319502074689,0.11618257261410789,0.11618257261410789,0.11618257261410789,0.11618257261410789,0.12033195020746888,0.12448132780082988,0.12448132780082988,0.12448132780082988,0.12863070539419086,0.12863070539419086,0.13278008298755187,0.13692946058091288,0.14522821576763487,0.14937759336099585,0.15352697095435686,0.15352697095435686,0.15352697095435686,0.15767634854771784,0.16182572614107885,0.16182572614107885,0.16597510373443983,0.17012448132780084,0.17012448132780084,0.17427385892116182",ParqueSur,Ayagaures,0.009250900678913838
13,AlignedReId,None,ResNet50,cosine,"0.0,0.004149377593360996,0.004149377593360996,0.012448132780082987,0.012448132780082987,0.016597510373443983,0.016597510373443983,0.02074688796680498,0.02074688796680498,0.029045643153526972,0.029045643153526972,0.03319502074688797,0.03319502074688797,0.04564315352697095,0.05394190871369295,0.06639004149377593,0.07468879668049792,0.07883817427385892,0.08298755186721991,0.08298755186721991,0.0912863070539419,0.0912863070539419,0.0995850622406639,0.1037344398340249,0.1078838174273859,0.11203319502074689,0.11618257261410789,0.12448132780082988,0.12863070539419086,0.12863070539419086,0.12863070539419086,0.13278008298755187,0.15352697095435686,0.15352697095435686,0.16182572614107885,0.17427385892116182,0.17427385892116182,0.17842323651452283,0.1825726141078838,0.1908713692946058,0.1991701244813278,0.1991701244813278,0.2074688796680498,0.21161825726141079,0.21991701244813278,0.22406639004149378,0.24896265560165975,0.2572614107883817,0.26141078838174275,0.26141078838174275,0.2697095435684647,0.2697095435684647,0.2821576763485477,0.29045643153526973,0.3029045643153527,0.3029045643153527,0.3112033195020747,0.31950207468879666,0.3236514522821577,0.3236514522821577,0.33195020746887965,0.3360995850622407,0.3360995850622407,0.34439834024896265,0.34854771784232363,0.35684647302904565,0.35684647302904565,0.35684647302904565,0.36929460580912865,0.37344398340248963,0.3817427385892116,0.3817427385892116,0.3817427385892116,0.3817427385892116,0.38589211618257263,0.3941908713692946,0.3941908713692946,0.4107883817427386,0.4190871369294606,0.42738589211618255,0.43568464730290457,0.43568464730290457,0.43983402489626555,0.44398340248962653,0.44398340248962653,0.44813278008298757,0.45643153526970953,0.45643153526970953,0.4730290456431535,0.47717842323651455,0.48132780082987553,0.4854771784232365,0.49377593360995853,0.49377593360995853,0.4979253112033195,0.4979253112033195,0.5020746887966805,0.5062240663900415,0.5062240663900415,0.5228215767634855,0.5269709543568465,0.5269709543568465,0.5352697095435685,0.5435684647302904,0.5477178423236515,0.5601659751037344,0.5684647302904564",ParqueSur,PresaDeHornos,0.01827241144634574
14,AlignedReId,None,ResNet50,cosine,"0.0,0.004149377593360996,0.008298755186721992,0.008298755186721992,0.012448132780082987,0.012448132780082987,0.016597510373443983,0.029045643153526972,0.03319502074688797,0.04149377593360996,0.04149377593360996,0.04564315352697095,0.04979253112033195,0.05394190871369295,0.06224066390041494,0.06639004149377593,0.07883817427385892,0.07883817427385892,0.08298755186721991,0.1037344398340249,0.1037344398340249,0.1037344398340249,0.1078838174273859,0.11618257261410789,0.12448132780082988,0.12863070539419086,0.13278008298755187,0.13278008298755187,0.13278008298755187,0.13692946058091288,0.14937759336099585,0.15352697095435686,0.16182572614107885,0.16597510373443983,0.17012448132780084,0.17012448132780084,0.1825726141078838,0.18672199170124482,0.2033195020746888,0.2033195020746888,0.2074688796680498,0.2074688796680498,0.2157676348547718,0.21991701244813278,0.21991701244813278,0.22821576763485477,0.23236514522821577,0.23651452282157676,0.25311203319502074,0.26141078838174275,0.26141078838174275,0.26141078838174275,0.26141078838174275,0.26141078838174275,0.26556016597510373,0.2821576763485477,0.2946058091286307,0.2987551867219917,0.3029045643153527,0.3112033195020747,0.3236514522821577,0.33195020746887965,0.3360995850622407,0.34024896265560167,0.34854771784232363,0.34854771784232363,0.35269709543568467,0.35269709543568467,0.35269709543568467,0.35684647302904565,0.35684647302904565,0.35684647302904565,0.36099585062240663,0.3651452282157676,0.3651452282157676,0.36929460580912865,0.36929460580912865,0.3775933609958506,0.3817427385892116,0.3900414937759336,0.3941908713692946,0.3983402489626556,0.3983402489626556,0.3983402489626556,0.3983402489626556,0.3983402489626556,0.4149377593360996,0.4190871369294606,0.42738589211618255,0.43568464730290457,0.43983402489626555,0.45228215767634855,0.45643153526970953,0.4605809128630705,0.46473029045643155,0.46887966804979253,0.47717842323651455,0.48132780082987553,0.48132780082987553,0.49377593360995853,0.5062240663900415,0.5103734439834025,0.5145228215767634,0.5228215767634855,0.5228215767634855,0.5311203319502075,0.5352697095435685",ParqueSur,Teror,0.0214537036940012
15,AlignedReId,None,ResNet50,cosine,"0.008403361344537815,0.012605042016806723,0.012605042016806723,0.01680672268907563,0.02100840336134454,0.029411764705882353,0.03361344537815126,0.03361344537815126,0.037815126050420166,0.046218487394957986,0.046218487394957986,0.0546218487394958,0.0546218487394958,0.06302521008403361,0.06722689075630252,0.07142857142857142,0.07563025210084033,0.08823529411764706,0.08823529411764706,0.09243697478991597,0.09663865546218488,0.10084033613445378,0.10084033613445378,0.10504201680672269,0.1134453781512605,0.1134453781512605,0.1134453781512605,0.11764705882352941,0.11764705882352941,0.12605042016806722,0.12605042016806722,0.13025210084033614,0.13445378151260504,0.13865546218487396,0.15126050420168066,0.15546218487394958,0.1638655462184874,0.1722689075630252,0.1722689075630252,0.1722689075630252,0.17647058823529413,0.18067226890756302,0.19327731092436976,0.19327731092436976,0.19747899159663865,0.19747899159663865,0.20168067226890757,0.21008403361344538,0.21428571428571427,0.2184873949579832,0.22268907563025211,0.22268907563025211,0.22268907563025211,0.22268907563025211,0.22268907563025211,0.226890756302521,0.226890756302521,0.23109243697478993,0.23109243697478993,0.23109243697478993,0.23529411764705882,0.23529411764705882,0.24369747899159663,0.24369747899159663,0.25630252100840334,0.25630252100840334,0.2605042016806723,0.2689075630252101,0.27310924369747897,0.27310924369747897,0.27310924369747897,0.2773109243697479,0.2815126050420168,0.2815126050420168,0.28991596638655465,0.28991596638655465,0.28991596638655465,0.28991596638655465,0.28991596638655465,0.28991596638655465,0.29411764705882354,0.3025210084033613,0.3025210084033613,0.3067226890756303,0.3067226890756303,0.31092436974789917,0.31092436974789917,0.31092436974789917,0.31092436974789917,0.31092436974789917,0.31092436974789917,0.31512605042016806,0.31512605042016806,0.31932773109243695,0.31932773109243695,0.3235294117647059,0.3319327731092437,0.33613445378151263,0.33613445378151263,0.3445378151260504,0.3487394957983193,0.35294117647058826,0.35294117647058826,0.35714285714285715,0.36134453781512604,0.36554621848739494,0.37815126050420167",PresaDeHornos,Arucas,0.02058588031702426
16,AlignedReId,None,ResNet50,cosine,"0.004201680672268907,0.004201680672268907,0.008403361344537815,0.012605042016806723,0.02100840336134454,0.025210084033613446,0.029411764705882353,0.037815126050420166,0.05042016806722689,0.05042016806722689,0.0546218487394958,0.058823529411764705,0.06302521008403361,0.07142857142857142,0.07983193277310924,0.08403361344537816,0.08403361344537816,0.08403361344537816,0.08403361344537816,0.08403361344537816,0.08403361344537816,0.08823529411764706,0.09243697478991597,0.09663865546218488,0.10084033613445378,0.10084033613445378,0.10504201680672269,0.10504201680672269,0.10504201680672269,0.1134453781512605,0.11764705882352941,0.11764705882352941,0.12184873949579832,0.12184873949579832,0.12605042016806722,0.12605042016806722,0.13865546218487396,0.13865546218487396,0.13865546218487396,0.14705882352941177,0.15126050420168066,0.15126050420168066,0.15126050420168066,0.15546218487394958,0.15966386554621848,0.15966386554621848,0.16806722689075632,0.18067226890756302,0.18487394957983194,0.18487394957983194,0.19327731092436976,0.19327731092436976,0.19747899159663865,0.20168067226890757,0.20588235294117646,0.20588235294117646,0.21008403361344538,0.22268907563025211,0.22268907563025211,0.22268907563025211,0.22268907563025211,0.23949579831932774,0.24369747899159663,0.24369747899159663,0.24789915966386555,0.24789915966386555,0.25210084033613445,0.25210084033613445,0.2605042016806723,0.2689075630252101,0.2689075630252101,0.2815126050420168,0.28991596638655465,0.29411764705882354,0.29411764705882354,0.29831932773109243,0.3025210084033613,0.3025210084033613,0.3067226890756303,0.31092436974789917,0.31092436974789917,0.31932773109243695,0.3235294117647059,0.3319327731092437,0.3319327731092437,0.3445378151260504,0.3445378151260504,0.3487394957983193,0.36134453781512604,0.36134453781512604,0.3739495798319328,0.37815126050420167,0.38235294117647056,0.3865546218487395,0.3949579831932773,0.3949579831932773,0.40756302521008403,0.40756302521008403,0.40756302521008403,0.40756302521008403,0.40756302521008403,0.4117647058823529,0.42016806722689076,0.42436974789915966,0.42436974789915966,0.42857142857142855,0.4327731092436975",PresaDeHornos,Ayagaures,0.02354218717753413
17,AlignedReId,None,ResNet50,cosine,"0.004201680672268907,0.004201680672268907,0.004201680672268907,0.004201680672268907,0.008403361344537815,0.025210084033613446,0.025210084033613446,0.025210084033613446,0.025210084033613446,0.025210084033613446,0.025210084033613446,0.029411764705882353,0.03361344537815126,0.037815126050420166,0.037815126050420166,0.05042016806722689,0.0546218487394958,0.0546218487394958,0.06302521008403361,0.06722689075630252,0.07563025210084033,0.07983193277310924,0.08823529411764706,0.09243697478991597,0.10504201680672269,0.10504201680672269,0.1134453781512605,0.1134453781512605,0.1134453781512605,0.11764705882352941,0.12605042016806722,0.13025210084033614,0.13025210084033614,0.13865546218487396,0.14285714285714285,0.15126050420168066,0.15546218487394958,0.16806722689075632,0.16806722689075632,0.17647058823529413,0.18067226890756302,0.18907563025210083,0.18907563025210083,0.18907563025210083,0.19747899159663865,0.19747899159663865,0.19747899159663865,0.19747899159663865,0.19747899159663865,0.19747899159663865,0.20168067226890757,0.21428571428571427,0.22268907563025211,0.226890756302521,0.226890756302521,0.226890756302521,0.226890756302521,0.23109243697478993,0.23529411764705882,0.23949579831932774,0.24369747899159663,0.24369747899159663,0.25210084033613445,0.2605042016806723,0.2605042016806723,0.2647058823529412,0.27310924369747897,0.27310924369747897,0.2815126050420168,0.2815126050420168,0.2857142857142857,0.29411764705882354,0.3025210084033613,0.3025210084033613,0.31092436974789917,0.31512605042016806,0.31932773109243695,0.31932773109243695,0.3235294117647059,0.3277310924369748,0.3277310924369748,0.33613445378151263,0.3487394957983193,0.35714285714285715,0.36134453781512604,0.3697478991596639,0.3697478991596639,0.3739495798319328,0.3739495798319328,0.3739495798319328,0.3739495798319328,0.3739495798319328,0.3739495798319328,0.3739495798319328,0.37815126050420167,0.37815126050420167,0.38235294117647056,0.3865546218487395,0.39915966386554624,0.4117647058823529,0.41596638655462187,0.41596638655462187,0.4327731092436975,0.4369747899159664,0.4411764705882353,0.4411764705882353,0.4579831932773109",PresaDeHornos,ParqueSur,0.02059561113946455
18,AlignedReId,None,ResNet50,cosine,"0.0,0.0,0.012605042016806723,0.02100840336134454,0.03361344537815126,0.037815126050420166,0.04201680672268908,0.058823529411764705,0.06302521008403361,0.07563025210084033,0.08403361344537816,0.08823529411764706,0.08823529411764706,0.09243697478991597,0.09243697478991597,0.09663865546218488,0.09663865546218488,0.10504201680672269,0.1092436974789916,0.1092436974789916,0.1134453781512605,0.11764705882352941,0.11764705882352941,0.13445378151260504,0.13865546218487396,0.13865546218487396,0.15546218487394958,0.16806722689075632,0.16806722689075632,0.18067226890756302,0.18067226890756302,0.18067226890756302,0.18487394957983194,0.19327731092436976,0.19327731092436976,0.20168067226890757,0.22268907563025211,0.22268907563025211,0.23529411764705882,0.23949579831932774,0.24369747899159663,0.24369747899159663,0.24789915966386555,0.25210084033613445,0.25210084033613445,0.25630252100840334,0.2689075630252101,0.2773109243697479,0.2857142857142857,0.2857142857142857,0.29411764705882354,0.31512605042016806,0.31512605042016806,0.31512605042016806,0.3235294117647059,0.33613445378151263,0.3403361344537815,0.3445378151260504,0.3487394957983193,0.35714285714285715,0.35714285714285715,0.37815126050420167,0.38235294117647056,0.3865546218487395,0.3949579831932773,0.39915966386554624,0.39915966386554624,0.40756302521008403,0.40756302521008403,0.41596638655462187,0.42436974789915966,0.4327731092436975,0.4369747899159664,0.4369747899159664,0.4411764705882353,0.44537815126050423,0.46218487394957986,0.46638655462184875,0.47478991596638653,0.4831932773109244,0.5,0.5042016806722689,0.5042016806722689,0.5042016806722689,0.5084033613445378,0.5210084033613446,0.5210084033613446,0.5210084033613446,0.5378151260504201,0.542016806722689,0.5462184873949579,0.5462184873949579,0.5588235294117647,0.5672268907563025,0.5672268907563025,0.5798319327731093,0.592436974789916,0.6008403361344538,0.6050420168067226,0.6134453781512605,0.6218487394957983,0.6218487394957983,0.6302521008403361,0.6302521008403361,0.6302521008403361,0.6386554621848739,0.6386554621848739",PresaDeHornos,Teror,0.02729273693721776
19,AlignedReId,None,ResNet50,cosine,"0.005405405405405406,0.010810810810810811,0.010810810810810811,0.010810810810810811,0.010810810810810811,0.016216216216216217,0.016216216216216217,0.016216216216216217,0.021621621621621623,0.02702702702702703,0.02702702702702703,0.02702702702702703,0.02702702702702703,0.02702702702702703,0.043243243243243246,0.043243243243243246,0.043243243243243246,0.043243243243243246,0.04864864864864865,0.04864864864864865,0.04864864864864865,0.05405405405405406,0.05405405405405406,0.06486486486486487,0.06486486486486487,0.07027027027027027,0.07567567567567568,0.08648648648648649,0.0918918918918919,0.0972972972972973,0.10270270270270271,0.10270270270270271,0.10810810810810811,0.11351351351351352,0.11351351351351352,0.11351351351351352,0.11351351351351352,0.12432432432432433,0.12432432432432433,0.12432432432432433,0.12972972972972974,0.14054054054054055,0.15135135135135136,0.15135135135135136,0.15135135135135136,0.15135135135135136,0.15135135135135136,0.15675675675675677,0.16216216216216217,0.16756756756756758,0.17297297297297298,0.1783783783783784,0.1891891891891892,0.1945945945945946,0.2,0.20540540540540542,0.21081081081081082,0.21081081081081082,0.22162162162162163,0.22162162162162163,0.22162162162162163,0.22162162162162163,0.22702702702702704,0.22702702702702704,0.22702702702702704,0.22702702702702704,0.22702702702702704,0.23783783783783785,0.24324324324324326,0.24324324324324326,0.24864864864864866,0.24864864864864866,0.25405405405405407,0.2594594594594595,0.2648648648648649,0.2702702702702703,0.2864864864864865,0.2864864864864865,0.2918918918918919,0.2972972972972973,0.3027027027027027,0.3027027027027027,0.3027027027027027,0.3081081081081081,0.31351351351351353,0.31351351351351353,0.31891891891891894,0.31891891891891894,0.32972972972972975,0.32972972972972975,0.32972972972972975,0.33513513513513515,0.33513513513513515,0.33513513513513515,0.33513513513513515,0.35135135135135137,0.35135135135135137,0.3567567567567568,0.3567567567567568,0.3621621621621622,0.3675675675675676,0.3675675675675676,0.3675675675675676,0.3675675675675676,0.3675675675675676,0.372972972972973,0.372972972972973",Teror,Arucas,0.01775178465229125
20,AlignedReId,None,ResNet50,cosine,"0.005405405405405406,0.010810810810810811,0.010810810810810811,0.010810810810810811,0.02702702702702703,0.02702702702702703,0.02702702702702703,0.032432432432432434,0.032432432432432434,0.032432432432432434,0.03783783783783784,0.04864864864864865,0.05405405405405406,0.05405405405405406,0.05405405405405406,0.07027027027027027,0.07567567567567568,0.07567567567567568,0.08108108108108109,0.0918918918918919,0.0918918918918919,0.0972972972972973,0.10270270270270271,0.10810810810810811,0.11351351351351352,0.11891891891891893,0.11891891891891893,0.12972972972972974,0.12972972972972974,0.13513513513513514,0.13513513513513514,0.13513513513513514,0.15135135135135136,0.16216216216216217,0.16216216216216217,0.16756756756756758,0.16756756756756758,0.17297297297297298,0.1783783783783784,0.1837837837837838,0.1891891891891892,0.1891891891891892,0.1891891891891892,0.1891891891891892,0.2,0.21081081081081082,0.22162162162162163,0.22702702702702704,0.23783783783783785,0.23783783783783785,0.24324324324324326,0.24324324324324326,0.24324324324324326,0.24864864864864866,0.25405405405405407,0.2594594594594595,0.2648648648648649,0.2702702702702703,0.2810810810810811,0.3081081081081081,0.31351351351351353,0.32432432432432434,0.32432432432432434,0.33513513513513515,0.34594594594594597,0.35135135135135137,0.3621621621621622,0.3675675675675676,0.3675675675675676,0.3783783783783784,0.3783783783783784,0.3837837837837838,0.3837837837837838,0.3837837837837838,0.3837837837837838,0.3837837837837838,0.3891891891891892,0.3891891891891892,0.4,0.40540540540540543,0.41621621621621624,0.42162162162162165,0.42162162162162165,0.43783783783783786,0.4540540540540541,0.4594594594594595,0.4594594594594595,0.4810810810810811,0.5027027027027027,0.5081081081081081,0.5135135135135135,0.5135135135135135,0.5135135135135135,0.5135135135135135,0.5135135135135135,0.518918918918919,0.5243243243243243,0.5243243243243243,0.5243243243243243,0.5243243243243243,0.5351351351351351,0.5351351351351351,0.5351351351351351,0.5459459459459459,0.5513513513513514,0.5513513513513514,0.5621621621621622",Teror,Ayagaures,0.02232799570267012
21,AlignedReId,None,ResNet50,cosine,"0.005405405405405406,0.010810810810810811,0.016216216216216217,0.021621621621621623,0.021621621621621623,0.021621621621621623,0.032432432432432434,0.03783783783783784,0.03783783783783784,0.03783783783783784,0.03783783783783784,0.03783783783783784,0.043243243243243246,0.04864864864864865,0.05405405405405406,0.05405405405405406,0.05405405405405406,0.05945945945945946,0.06486486486486487,0.06486486486486487,0.07567567567567568,0.08108108108108109,0.08108108108108109,0.08108108108108109,0.08648648648648649,0.0918918918918919,0.0918918918918919,0.0918918918918919,0.0918918918918919,0.10270270270270271,0.10270270270270271,0.10270270270270271,0.10270270270270271,0.11351351351351352,0.11351351351351352,0.12432432432432433,0.12972972972972974,0.12972972972972974,0.14054054054054055,0.14054054054054055,0.14594594594594595,0.15675675675675677,0.16216216216216217,0.16756756756756758,0.1783783783783784,0.1783783783783784,0.1891891891891892,0.1891891891891892,0.1945945945945946,0.2,0.2,0.21081081081081082,0.21621621621621623,0.21621621621621623,0.21621621621621623,0.22162162162162163,0.22162162162162163,0.22162162162162163,0.22162162162162163,0.22162162162162163,0.22702702702702704,0.22702702702702704,0.22702702702702704,0.23243243243243245,0.23243243243243245,0.23783783783783785,0.24324324324324326,0.24864864864864866,0.25405405405405407,0.2648648648648649,0.2702702702702703,0.2810810810810811,0.2972972972972973,0.3027027027027027,0.3081081081081081,0.31351351351351353,0.31351351351351353,0.31351351351351353,0.31891891891891894,0.32432432432432434,0.33513513513513515,0.33513513513513515,0.34594594594594597,0.35135135135135137,0.3567567567567568,0.3675675675675676,0.372972972972973,0.372972972972973,0.372972972972973,0.3783783783783784,0.3837837837837838,0.3945945945945946,0.3945945945945946,0.4,0.40540540540540543,0.40540540540540543,0.40540540540540543,0.41621621621621624,0.41621621621621624,0.42702702702702705,0.43783783783783786,0.4486486486486487,0.4540540540540541,0.4540540540540541,0.4540540540540541,0.4540540540540541,0.4594594594594595",Teror,ParqueSur,0.02220760864441923
22,AlignedReId,None,ResNet50,cosine,"0.010810810810810811,0.016216216216216217,0.021621621621621623,0.02702702702702703,0.02702702702702703,0.032432432432432434,0.03783783783783784,0.043243243243243246,0.043243243243243246,0.04864864864864865,0.04864864864864865,0.05945945945945946,0.05945945945945946,0.05945945945945946,0.05945945945945946,0.05945945945945946,0.06486486486486487,0.07027027027027027,0.08108108108108109,0.0918918918918919,0.10270270270270271,0.10810810810810811,0.11351351351351352,0.11351351351351352,0.12432432432432433,0.12972972972972974,0.13513513513513514,0.14054054054054055,0.14594594594594595,0.15135135135135136,0.16216216216216217,0.17297297297297298,0.1783783783783784,0.1837837837837838,0.1891891891891892,0.2,0.20540540540540542,0.20540540540540542,0.20540540540540542,0.20540540540540542,0.21621621621621623,0.22702702702702704,0.22702702702702704,0.22702702702702704,0.22702702702702704,0.24864864864864866,0.25405405405405407,0.25405405405405407,0.2648648648648649,0.2648648648648649,0.2648648648648649,0.2702702702702703,0.2756756756756757,0.2756756756756757,0.2756756756756757,0.2810810810810811,0.2864864864864865,0.2864864864864865,0.2972972972972973,0.3081081081081081,0.3081081081081081,0.3081081081081081,0.3081081081081081,0.31891891891891894,0.32432432432432434,0.32432432432432434,0.33513513513513515,0.33513513513513515,0.35135135135135137,0.3567567567567568,0.3675675675675676,0.3675675675675676,0.3783783783783784,0.3837837837837838,0.4,0.40540540540540543,0.41081081081081083,0.42702702702702705,0.43243243243243246,0.4486486486486487,0.4486486486486487,0.4486486486486487,0.4540540540540541,0.4540540540540541,0.4540540540540541,0.4540540540540541,0.4594594594594595,0.4594594594594595,0.4756756756756757,0.4810810810810811,0.4810810810810811,0.4972972972972973,0.5027027027027027,0.5081081081081081,0.5135135135135135,0.5135135135135135,0.518918918918919,0.5243243243243243,0.5243243243243243,0.5243243243243243,0.5297297297297298,0.5405405405405406,0.5405405405405406,0.5405405405405406,0.5405405405405406,0.5459459459459459,0.5513513513513514",Teror,PresaDeHornos,0.02533674010848432
23,AlignedReId,None,ResNet50,euclidean,"0.21727748691099477,0.29581151832460734,0.34554973821989526,0.3900523560209424,0.4424083769633508,0.47643979057591623,0.5,0.5235602094240838,0.5418848167539267,0.5575916230366492,0.5732984293193717,0.5916230366492147,0.5968586387434555,0.6073298429319371,0.6151832460732984,0.6204188481675392,0.6335078534031413,0.6413612565445026,0.6492146596858639,0.6570680628272252,0.6570680628272252,0.6649214659685864,0.6832460732984293,0.6963350785340314,0.7068062827225131,0.7172774869109948,0.7277486910994765,0.7382198952879581,0.7460732984293194,0.7486910994764397,0.7539267015706806,0.7617801047120419,0.774869109947644,0.7827225130890052,0.7905759162303665,0.7931937172774869,0.7984293193717278,0.806282722513089,0.806282722513089,0.8089005235602095,0.8115183246073299,0.8167539267015707,0.824607329842932,0.8298429319371727,0.837696335078534,0.8429319371727748,0.8481675392670157,0.8481675392670157,0.856020942408377,0.8586387434554974,0.8586387434554974,0.8638743455497382,0.8664921465968587,0.8691099476439791,0.8717277486910995,0.8769633507853403,0.8795811518324608,0.8795811518324608,0.8795811518324608,0.8795811518324608,0.8848167539267016,0.8900523560209425,0.8926701570680629,0.8952879581151832,0.8979057591623036,0.900523560209424,0.9031413612565445,0.9057591623036649,0.9057591623036649,0.9057591623036649,0.9057591623036649,0.9057591623036649,0.9083769633507853,0.9083769633507853,0.9109947643979057,0.9136125654450262,0.9162303664921466,0.9162303664921466,0.9162303664921466,0.9162303664921466,0.9162303664921466,0.9162303664921466,0.918848167539267,0.918848167539267,0.918848167539267,0.918848167539267,0.9240837696335078,0.9240837696335078,0.9267015706806283,0.9319371727748691,0.9345549738219895,0.93717277486911,0.93717277486911,0.93717277486911,0.93717277486911,0.93717277486911,0.93717277486911,0.93717277486911,0.9397905759162304,0.9397905759162304,0.9424083769633508,0.9424083769633508,0.9424083769633508,0.9450261780104712,0.9450261780104712,0.9476439790575916,0.9476439790575916",Arucas,Ayagaures,0.2803031188065312
24,AlignedReId,None,ResNet50,euclidean,"0.1256544502617801,0.15706806282722513,0.18324607329842932,0.21204188481675393,0.23821989528795812,0.25654450261780104,0.2774869109947644,0.29842931937172773,0.3089005235602094,0.32722513089005234,0.3403141361256545,0.3481675392670157,0.36910994764397903,0.38481675392670156,0.40575916230366493,0.42670157068062825,0.4397905759162304,0.450261780104712,0.4607329842931937,0.47643979057591623,0.4869109947643979,0.5026178010471204,0.5104712041884817,0.5261780104712042,0.5340314136125655,0.5340314136125655,0.5366492146596858,0.5445026178010471,0.5497382198952879,0.5549738219895288,0.5680628272251309,0.581151832460733,0.5837696335078534,0.5863874345549738,0.5890052356020943,0.5942408376963351,0.6020942408376964,0.6073298429319371,0.6099476439790575,0.6151832460732984,0.6204188481675392,0.6256544502617801,0.6308900523560209,0.6361256544502618,0.643979057591623,0.6465968586387435,0.6492146596858639,0.6544502617801047,0.6596858638743456,0.6675392670157068,0.675392670157068,0.6780104712041884,0.6858638743455497,0.6884816753926701,0.693717277486911,0.6963350785340314,0.7041884816753927,0.7094240837696335,0.7120418848167539,0.7146596858638743,0.7198952879581152,0.7198952879581152,0.725130890052356,0.7277486910994765,0.7303664921465969,0.7356020942408377,0.7408376963350786,0.7408376963350786,0.7486910994764397,0.7513089005235603,0.756544502617801,0.7591623036649214,0.7643979057591623,0.7670157068062827,0.7696335078534031,0.7722513089005235,0.7722513089005235,0.7722513089005235,0.7774869109947644,0.7827225130890052,0.7853403141361257,0.7958115183246073,0.7958115183246073,0.8036649214659686,0.8036649214659686,0.8141361256544503,0.8272251308900523,0.8298429319371727,0.837696335078534,0.8403141361256544,0.8403141361256544,0.8403141361256544,0.8455497382198953,0.8481675392670157,0.8481675392670157,0.8507853403141361,0.8534031413612565,0.8586387434554974,0.8586387434554974,0.8586387434554974,0.8586387434554974,0.8612565445026178,0.8638743455497382,0.8638743455497382,0.8664921465968587,0.8691099476439791,0.8691099476439791",Arucas,ParqueSur,0.16851716552048607
25,AlignedReId,None,ResNet50,euclidean,"0.07068062827225131,0.11518324607329843,0.1806282722513089,0.225130890052356,0.25654450261780104,0.2879581151832461,0.31675392670157065,0.34293193717277487,0.3612565445026178,0.38481675392670156,0.39790575916230364,0.4083769633507853,0.43455497382198954,0.4424083769633508,0.45287958115183247,0.468586387434555,0.47643979057591623,0.4895287958115183,0.49476439790575916,0.5,0.5104712041884817,0.5209424083769634,0.5340314136125655,0.5471204188481675,0.5575916230366492,0.5680628272251309,0.5732984293193717,0.5942408376963351,0.6047120418848168,0.6073298429319371,0.612565445026178,0.6204188481675392,0.6256544502617801,0.6361256544502618,0.6387434554973822,0.643979057591623,0.6465968586387435,0.6544502617801047,0.6570680628272252,0.6649214659685864,0.6701570680628273,0.680628272251309,0.680628272251309,0.6832460732984293,0.693717277486911,0.693717277486911,0.7041884816753927,0.7120418848167539,0.7198952879581152,0.7198952879581152,0.725130890052356,0.7277486910994765,0.7356020942408377,0.743455497382199,0.7460732984293194,0.7486910994764397,0.7513089005235603,0.7539267015706806,0.7617801047120419,0.7617801047120419,0.7643979057591623,0.7670157068062827,0.7696335078534031,0.7696335078534031,0.7696335078534031,0.7774869109947644,0.7801047120418848,0.7801047120418848,0.7801047120418848,0.7853403141361257,0.7879581151832461,0.7905759162303665,0.7931937172774869,0.7931937172774869,0.7958115183246073,0.8010471204188482,0.8089005235602095,0.8115183246073299,0.8167539267015707,0.8167539267015707,0.8167539267015707,0.819371727748691,0.819371727748691,0.819371727748691,0.824607329842932,0.8272251308900523,0.8298429319371727,0.8324607329842932,0.8350785340314136,0.8403141361256544,0.8455497382198953,0.8455497382198953,0.8481675392670157,0.8507853403141361,0.856020942408377,0.8586387434554974,0.8586387434554974,0.8586387434554974,0.8612565445026178,0.8638743455497382,0.8664921465968587,0.8691099476439791,0.8717277486910995,0.8743455497382199,0.8795811518324608,0.8795811518324608,0.8821989528795812",Arucas,PresaDeHornos,0.10776665754114036
26,AlignedReId,None,ResNet50,euclidean,"0.15706806282722513,0.22774869109947643,0.28272251308900526,0.3010471204188482,0.337696335078534,0.3507853403141361,0.36387434554973824,0.39790575916230364,0.41361256544502617,0.4319371727748691,0.45549738219895286,0.4738219895287958,0.4790575916230366,0.49476439790575916,0.5104712041884817,0.5209424083769634,0.5314136125654451,0.5445026178010471,0.5602094240837696,0.5759162303664922,0.5863874345549738,0.5916230366492147,0.5968586387434555,0.6020942408376964,0.6178010471204188,0.6282722513089005,0.6361256544502618,0.643979057591623,0.6492146596858639,0.662303664921466,0.6727748691099477,0.6780104712041884,0.680628272251309,0.6884816753926701,0.6989528795811518,0.7068062827225131,0.7146596858638743,0.7198952879581152,0.7277486910994765,0.7277486910994765,0.7356020942408377,0.7408376963350786,0.743455497382199,0.7486910994764397,0.7539267015706806,0.7539267015706806,0.7591623036649214,0.7696335078534031,0.7696335078534031,0.7696335078534031,0.774869109947644,0.774869109947644,0.774869109947644,0.774869109947644,0.7827225130890052,0.7905759162303665,0.7958115183246073,0.7984293193717278,0.7984293193717278,0.8010471204188482,0.8089005235602095,0.8167539267015707,0.8219895287958116,0.824607329842932,0.824607329842932,0.8298429319371727,0.8298429319371727,0.837696335078534,0.8403141361256544,0.8429319371727748,0.8507853403141361,0.8534031413612565,0.8534031413612565,0.8534031413612565,0.8586387434554974,0.8638743455497382,0.8717277486910995,0.8717277486910995,0.8743455497382199,0.8743455497382199,0.8769633507853403,0.8795811518324608,0.8795811518324608,0.887434554973822,0.8952879581151832,0.8979057591623036,0.900523560209424,0.9057591623036649,0.9057591623036649,0.9083769633507853,0.9109947643979057,0.9109947643979057,0.9136125654450262,0.9136125654450262,0.918848167539267,0.9240837696335078,0.9267015706806283,0.9267015706806283,0.9293193717277487,0.9319371727748691,0.9345549738219895,0.9345549738219895,0.9345549738219895,0.9397905759162304,0.9397905759162304,0.9397905759162304,0.9450261780104712",Arucas,Teror,0.20270655717114386
27,AlignedReId,None,ResNet50,euclidean,"0.24509803921568626,0.31862745098039214,0.37745098039215685,0.4068627450980392,0.4411764705882353,0.46078431372549017,0.47549019607843135,0.4852941176470588,0.5,0.5049019607843137,0.5098039215686274,0.5147058823529411,0.5294117647058824,0.5490196078431373,0.5637254901960784,0.5686274509803921,0.5833333333333334,0.6029411764705882,0.6176470588235294,0.6225490196078431,0.6323529411764706,0.6323529411764706,0.6323529411764706,0.6372549019607843,0.6470588235294118,0.6715686274509803,0.6715686274509803,0.6813725490196079,0.6813725490196079,0.6813725490196079,0.6862745098039216,0.6911764705882353,0.696078431372549,0.7009803921568627,0.7058823529411765,0.7107843137254902,0.7205882352941176,0.7254901960784313,0.7254901960784313,0.7254901960784313,0.7254901960784313,0.7352941176470589,0.7352941176470589,0.7352941176470589,0.7450980392156863,0.7549019607843137,0.7549019607843137,0.7549019607843137,0.7598039215686274,0.7696078431372549,0.7696078431372549,0.7745098039215687,0.7745098039215687,0.7745098039215687,0.7745098039215687,0.7745098039215687,0.7843137254901961,0.7843137254901961,0.7843137254901961,0.7843137254901961,0.7892156862745098,0.7892156862745098,0.7892156862745098,0.7941176470588235,0.7990196078431373,0.803921568627451,0.8137254901960784,0.8235294117647058,0.8235294117647058,0.8235294117647058,0.8235294117647058,0.8235294117647058,0.8284313725490197,0.8284313725490197,0.8284313725490197,0.8284313725490197,0.8284313725490197,0.8382352941176471,0.8382352941176471,0.8480392156862745,0.8529411764705882,0.8578431372549019,0.8578431372549019,0.8627450980392157,0.8676470588235294,0.8676470588235294,0.8725490196078431,0.8774509803921569,0.8774509803921569,0.8774509803921569,0.8774509803921569,0.8872549019607843,0.8921568627450981,0.8921568627450981,0.8970588235294118,0.8970588235294118,0.8970588235294118,0.9019607843137255,0.9068627450980392,0.9068627450980392,0.9166666666666666,0.9166666666666666,0.9166666666666666,0.9166666666666666,0.9166666666666666,0.9166666666666666,0.9166666666666666",Ayagaures,Arucas,0.2238473711734164
28,AlignedReId,None,ResNet50,euclidean,"0.08333333333333333,0.16666666666666666,0.17647058823529413,0.2107843137254902,0.25980392156862747,0.28921568627450983,0.3137254901960784,0.3235294117647059,0.3431372549019608,0.36764705882352944,0.3872549019607843,0.39215686274509803,0.4068627450980392,0.43137254901960786,0.4411764705882353,0.4411764705882353,0.45098039215686275,0.45588235294117646,0.47058823529411764,0.4803921568627451,0.5,0.5098039215686274,0.5147058823529411,0.5245098039215687,0.5343137254901961,0.5441176470588235,0.5637254901960784,0.5686274509803921,0.5686274509803921,0.5882352941176471,0.6029411764705882,0.6176470588235294,0.6274509803921569,0.6323529411764706,0.6323529411764706,0.6519607843137255,0.6568627450980392,0.6617647058823529,0.6617647058823529,0.6666666666666666,0.6715686274509803,0.6715686274509803,0.6715686274509803,0.6764705882352942,0.6764705882352942,0.6764705882352942,0.6764705882352942,0.6862745098039216,0.6862745098039216,0.6911764705882353,0.6911764705882353,0.6911764705882353,0.696078431372549,0.7058823529411765,0.7058823529411765,0.7107843137254902,0.7156862745098039,0.7205882352941176,0.7254901960784313,0.7303921568627451,0.7303921568627451,0.7352941176470589,0.7401960784313726,0.7401960784313726,0.7401960784313726,0.7450980392156863,0.7450980392156863,0.7598039215686274,0.7598039215686274,0.7598039215686274,0.7598039215686274,0.7598039215686274,0.7598039215686274,0.7598039215686274,0.7647058823529411,0.7647058823529411,0.7647058823529411,0.7696078431372549,0.7745098039215687,0.7794117647058824,0.7794117647058824,0.7892156862745098,0.7941176470588235,0.7941176470588235,0.7941176470588235,0.7990196078431373,0.7990196078431373,0.803921568627451,0.8088235294117647,0.8137254901960784,0.8137254901960784,0.8284313725490197,0.8333333333333334,0.8382352941176471,0.8382352941176471,0.8382352941176471,0.8431372549019608,0.8431372549019608,0.8431372549019608,0.8431372549019608,0.8431372549019608,0.8480392156862745,0.8480392156862745,0.8529411764705882,0.8529411764705882,0.8578431372549019,0.8578431372549019",Ayagaures,Teror,0.1273106303569609
29,AlignedReId,None,ResNet50,euclidean,"0.2863070539419087,0.34024896265560167,0.3983402489626556,0.42738589211618255,0.43983402489626555,0.4896265560165975,0.5103734439834025,0.5311203319502075,0.5477178423236515,0.5643153526970954,0.5892116182572614,0.5933609958506224,0.6099585062240664,0.6224066390041494,0.6224066390041494,0.6390041493775933,0.6473029045643154,0.6514522821576764,0.6680497925311203,0.6721991701244814,0.6846473029045643,0.6887966804979253,0.6929460580912863,0.7053941908713693,0.7136929460580913,0.7219917012448133,0.7261410788381742,0.7261410788381742,0.7302904564315352,0.7385892116182573,0.7427385892116183,0.7468879668049793,0.7510373443983402,0.7593360995850622,0.7717842323651453,0.7759336099585062,0.7800829875518672,0.7800829875518672,0.7800829875518672,0.7800829875518672,0.7800829875518672,0.7842323651452282,0.7842323651452282,0.7883817427385892,0.7883817427385892,0.7925311203319502,0.7966804979253111,0.8049792531120332,0.8049792531120332,0.8049792531120332,0.8091286307053942,0.8132780082987552,0.8257261410788381,0.8257261410788381,0.8257261410788381,0.8340248962655602,0.8381742738589212,0.8381742738589212,0.8423236514522822,0.8464730290456431,0.8464730290456431,0.8506224066390041,0.8506224066390041,0.8547717842323651,0.8547717842323651,0.8547717842323651,0.8672199170124482,0.8713692946058091,0.8713692946058091,0.8713692946058091,0.8713692946058091,0.8796680497925311,0.8838174273858921,0.8921161825726142,0.8921161825726142,0.8921161825726142,0.8921161825726142,0.8962655601659751,0.8962655601659751,0.8962655601659751,0.9128630705394191,0.9128630705394191,0.9128630705394191,0.9128630705394191,0.9128630705394191,0.9128630705394191,0.91701244813278,0.91701244813278,0.91701244813278,0.91701244813278,0.91701244813278,0.91701244813278,0.91701244813278,0.921161825726141,0.921161825726141,0.9253112033195021,0.9253112033195021,0.9253112033195021,0.9253112033195021,0.9253112033195021,0.9253112033195021,0.9253112033195021,0.9253112033195021,0.9294605809128631,0.9294605809128631,0.9294605809128631,0.9294605809128631",ParqueSur,Arucas,0.2207135263426052
30,AlignedReId,None,ResNet50,euclidean,"0.4024896265560166,0.5228215767634855,0.6182572614107884,0.6804979253112033,0.7219917012448133,0.7468879668049793,0.7759336099585062,0.8008298755186722,0.8174273858921162,0.8340248962655602,0.8423236514522822,0.8506224066390041,0.8589211618257261,0.8672199170124482,0.8755186721991701,0.8921161825726142,0.9004149377593361,0.9004149377593361,0.9004149377593361,0.9045643153526971,0.921161825726141,0.9336099585062241,0.9377593360995851,0.950207468879668,0.9543568464730291,0.9585062240663901,0.9585062240663901,0.9626556016597511,0.9626556016597511,0.9626556016597511,0.9626556016597511,0.9626556016597511,0.9626556016597511,0.9626556016597511,0.966804979253112,0.966804979253112,0.966804979253112,0.970954356846473,0.970954356846473,0.970954356846473,0.970954356846473,0.970954356846473,0.970954356846473,0.970954356846473,0.975103734439834,0.975103734439834,0.975103734439834,0.975103734439834,0.975103734439834,0.975103734439834,0.975103734439834,0.975103734439834,0.975103734439834,0.975103734439834,0.979253112033195,0.979253112033195,0.979253112033195,0.979253112033195,0.979253112033195,0.9875518672199171,0.9875518672199171,0.9875518672199171,0.9875518672199171,0.9875518672199171,0.9875518672199171,0.9875518672199171,0.9875518672199171,0.9875518672199171,0.9875518672199171,0.9875518672199171,0.9875518672199171,0.9875518672199171,0.9875518672199171,0.9875518672199171,0.991701244813278,0.991701244813278,0.991701244813278,0.995850622406639,0.995850622406639,0.995850622406639,0.995850622406639,0.995850622406639,0.995850622406639,0.995850622406639,0.995850622406639,0.995850622406639,0.995850622406639,0.995850622406639,0.995850622406639,0.995850622406639,0.995850622406639,1.0,1.0,1.0,1.0,1.0,1.0,1.0,1.0,1.0,1.0,1.0,1.0,1.0,1.0,1.0,1.0",ParqueSur,Ayagaures,0.460600599654705
31,AlignedReId,None,ResNet50,euclidean,"0.13692946058091288,0.17427385892116182,0.2033195020746888,0.21991701244813278,0.24066390041493776,0.24896265560165975,0.26141078838174275,0.29045643153526973,0.2946058091286307,0.3278008298755187,0.3278008298755187,0.35269709543568467,0.36929460580912865,0.38589211618257263,0.3941908713692946,0.3941908713692946,0.4024896265560166,0.4190871369294606,0.42738589211618255,0.42738589211618255,0.42738589211618255,0.43983402489626555,0.44813278008298757,0.46473029045643155,0.46887966804979253,0.47717842323651455,0.47717842323651455,0.4854771784232365,0.49377593360995853,0.49377593360995853,0.4979253112033195,0.5103734439834025,0.5103734439834025,0.5228215767634855,0.5269709543568465,0.5352697095435685,0.5435684647302904,0.5435684647302904,0.5435684647302904,0.5435684647302904,0.5477178423236515,0.5518672199170125,0.5601659751037344,0.5643153526970954,0.5767634854771784,0.5809128630705395,0.5850622406639004,0.5933609958506224,0.5933609958506224,0.6016597510373444,0.6058091286307054,0.6141078838174274,0.6307053941908713,0.6514522821576764,0.6556016597510373,0.6597510373443983,0.6639004149377593,0.6721991701244814,0.6721991701244814,0.6721991701244814,0.6721991701244814,0.6721991701244814,0.6804979253112033,0.6846473029045643,0.6929460580912863,0.7053941908713693,0.7053941908713693,0.7136929460580913,0.7136929460580913,0.7136929460580913,0.7178423236514523,0.7261410788381742,0.7302904564315352,0.7344398340248963,0.7385892116182573,0.7385892116182573,0.7510373443983402,0.7510373443983402,0.7510373443983402,0.7551867219917012,0.7551867219917012,0.7634854771784232,0.7717842323651453,0.7759336099585062,0.7800829875518672,0.7800829875518672,0.7883817427385892,0.7925311203319502,0.7925311203319502,0.8008298755186722,0.8008298755186722,0.8008298755186722,0.8008298755186722,0.8008298755186722,0.8132780082987552,0.8132780082987552,0.8132780082987552,0.8174273858921162,0.8257261410788381,0.8340248962655602,0.8381742738589212,0.8381742738589212,0.8464730290456431,0.8547717842323651,0.8589211618257261,0.8589211618257261,0.8589211618257261",ParqueSur,PresaDeHornos,0.13594169951085586
32,AlignedReId,None,ResNet50,euclidean,"0.21161825726141079,0.29045643153526973,0.31950207468879666,0.35684647302904565,0.37344398340248963,0.38589211618257263,0.3983402489626556,0.42323651452282157,0.43983402489626555,0.45228215767634855,0.45643153526970953,0.48132780082987553,0.4896265560165975,0.49377593360995853,0.5020746887966805,0.5062240663900415,0.5228215767634855,0.5352697095435685,0.5435684647302904,0.5560165975103735,0.5560165975103735,0.5601659751037344,0.5601659751037344,0.5684647302904564,0.5767634854771784,0.5850622406639004,0.5892116182572614,0.5933609958506224,0.6058091286307054,0.6099585062240664,0.6182572614107884,0.6224066390041494,0.6348547717842323,0.6431535269709544,0.6431535269709544,0.6556016597510373,0.6680497925311203,0.6804979253112033,0.6887966804979253,0.6929460580912863,0.6970954356846473,0.7012448132780082,0.7012448132780082,0.7053941908713693,0.7053941908713693,0.7178423236514523,0.7219917012448133,0.7261410788381742,0.7302904564315352,0.7385892116182573,0.7427385892116183,0.7468879668049793,0.7551867219917012,0.7593360995850622,0.7593360995850622,0.7593360995850622,0.7593360995850622,0.7676348547717843,0.7676348547717843,0.7759336099585062,0.7759336099585062,0.7759336099585062,0.7800829875518672,0.7800829875518672,0.7966804979253111,0.8049792531120332,0.8049792531120332,0.8132780082987552,0.8132780082987552,0.8174273858921162,0.8215767634854771,0.8215767634854771,0.8215767634854771,0.8257261410788381,0.8298755186721992,0.8381742738589212,0.8381742738589212,0.8423236514522822,0.8464730290456431,0.8506224066390041,0.8506224066390041,0.8506224066390041,0.8506224066390041,0.8547717842323651,0.8547717842323651,0.8589211618257261,0.8589211618257261,0.8589211618257261,0.8672199170124482,0.8672199170124482,0.8672199170124482,0.8672199170124482,0.8713692946058091,0.8755186721991701,0.8838174273858921,0.8838174273858921,0.8838174273858921,0.8879668049792531,0.8879668049792531,0.8879668049792531,0.8879668049792531,0.8879668049792531,0.8879668049792531,0.8879668049792531,0.8879668049792531,0.8921161825726142,0.8921161825726142",ParqueSur,Teror,0.1973638320055028
33,AlignedReId,None,ResNet50,euclidean,"0.07563025210084033,0.1092436974789916,0.13025210084033614,0.15546218487394958,0.18067226890756302,0.20168067226890757,0.2184873949579832,0.22268907563025211,0.226890756302521,0.23109243697478993,0.2605042016806723,0.2857142857142857,0.29831932773109243,0.31092436974789917,0.31512605042016806,0.3235294117647059,0.3235294117647059,0.3403361344537815,0.3403361344537815,0.3445378151260504,0.3445378151260504,0.35294117647058826,0.35294117647058826,0.3739495798319328,0.3739495798319328,0.38235294117647056,0.3865546218487395,0.3865546218487395,0.3865546218487395,0.3907563025210084,0.39915966386554624,0.40756302521008403,0.42436974789915966,0.42857142857142855,0.4327731092436975,0.4327731092436975,0.4411764705882353,0.453781512605042,0.453781512605042,0.46218487394957986,0.46218487394957986,0.47058823529411764,0.47058823529411764,0.47478991596638653,0.47478991596638653,0.47478991596638653,0.47478991596638653,0.4789915966386555,0.48739495798319327,0.48739495798319327,0.48739495798319327,0.49159663865546216,0.4957983193277311,0.4957983193277311,0.5,0.5042016806722689,0.5084033613445378,0.5168067226890757,0.5210084033613446,0.5294117647058824,0.5378151260504201,0.5462184873949579,0.5504201680672269,0.5504201680672269,0.5504201680672269,0.5546218487394958,0.5588235294117647,0.5630252100840336,0.5672268907563025,0.5672268907563025,0.5672268907563025,0.5798319327731093,0.5798319327731093,0.5798319327731093,0.5840336134453782,0.592436974789916,0.6008403361344538,0.6008403361344538,0.6008403361344538,0.6050420168067226,0.6050420168067226,0.6134453781512605,0.6260504201680672,0.6260504201680672,0.6260504201680672,0.6302521008403361,0.6302521008403361,0.6302521008403361,0.6428571428571429,0.6554621848739496,0.6554621848739496,0.6554621848739496,0.6554621848739496,0.6680672268907563,0.6722689075630253,0.6764705882352942,0.680672268907563,0.6848739495798319,0.6932773109243697,0.6932773109243697,0.6932773109243697,0.6974789915966386,0.7016806722689075,0.7016806722689075,0.7058823529411765,0.7100840336134454,0.7100840336134454",PresaDeHornos,Arucas,0.08623284630202432
34,AlignedReId,None,ResNet50,euclidean,"0.12184873949579832,0.15966386554621848,0.1722689075630252,0.2184873949579832,0.25630252100840334,0.2815126050420168,0.31092436974789917,0.3277310924369748,0.3487394957983193,0.36134453781512604,0.37815126050420167,0.39915966386554624,0.40756302521008403,0.41596638655462187,0.42436974789915966,0.44537815126050423,0.47058823529411764,0.4789915966386555,0.4831932773109244,0.4957983193277311,0.5084033613445378,0.5126050420168067,0.5210084033613446,0.5252100840336135,0.5336134453781513,0.542016806722689,0.5462184873949579,0.5504201680672269,0.5588235294117647,0.5672268907563025,0.5756302521008403,0.592436974789916,0.5966386554621849,0.6050420168067226,0.6092436974789915,0.6134453781512605,0.6176470588235294,0.6218487394957983,0.6302521008403361,0.6302521008403361,0.6302521008403361,0.6386554621848739,0.6470588235294118,0.6554621848739496,0.6596638655462185,0.6638655462184874,0.6680672268907563,0.6680672268907563,0.6764705882352942,0.6848739495798319,0.6848739495798319,0.6848739495798319,0.6974789915966386,0.6974789915966386,0.7016806722689075,0.7142857142857143,0.7142857142857143,0.7226890756302521,0.726890756302521,0.7310924369747899,0.7352941176470589,0.7394957983193278,0.7394957983193278,0.7436974789915967,0.7563025210084033,0.7647058823529411,0.773109243697479,0.773109243697479,0.7773109243697479,0.7773109243697479,0.7773109243697479,0.7857142857142857,0.7857142857142857,0.7899159663865546,0.7899159663865546,0.7983193277310925,0.7983193277310925,0.7983193277310925,0.8025210084033614,0.8025210084033614,0.8151260504201681,0.8151260504201681,0.8151260504201681,0.819327731092437,0.819327731092437,0.819327731092437,0.8235294117647058,0.8235294117647058,0.8403361344537815,0.8403361344537815,0.8445378151260504,0.8487394957983193,0.8487394957983193,0.8487394957983193,0.8487394957983193,0.8487394957983193,0.8487394957983193,0.8487394957983193,0.8487394957983193,0.8487394957983193,0.8487394957983193,0.8487394957983193,0.8529411764705882,0.8571428571428571,0.8571428571428571,0.8613445378151261,0.865546218487395",PresaDeHornos,Ayagaures,0.16200678709770666
35,AlignedReId,None,ResNet50,euclidean,"0.025210084033613446,0.04201680672268908,0.0546218487394958,0.058823529411764705,0.06722689075630252,0.06722689075630252,0.09243697478991597,0.1134453781512605,0.12605042016806722,0.13865546218487396,0.14285714285714285,0.1638655462184874,0.16806722689075632,0.18487394957983194,0.19327731092436976,0.19327731092436976,0.20168067226890757,0.21008403361344538,0.21428571428571427,0.226890756302521,0.23949579831932774,0.25210084033613445,0.25210084033613445,0.2605042016806723,0.2647058823529412,0.2689075630252101,0.2773109243697479,0.28991596638655465,0.29831932773109243,0.3067226890756303,0.3235294117647059,0.3277310924369748,0.3319327731092437,0.3487394957983193,0.35294117647058826,0.35714285714285715,0.35714285714285715,0.36134453781512604,0.3697478991596639,0.3739495798319328,0.37815126050420167,0.3949579831932773,0.3949579831932773,0.3949579831932773,0.39915966386554624,0.39915966386554624,0.39915966386554624,0.40336134453781514,0.4117647058823529,0.42857142857142855,0.4327731092436975,0.44537815126050423,0.4495798319327731,0.4495798319327731,0.4495798319327731,0.4579831932773109,0.46638655462184875,0.46638655462184875,0.4789915966386555,0.4831932773109244,0.48739495798319327,0.48739495798319327,0.48739495798319327,0.49159663865546216,0.5,0.5126050420168067,0.5126050420168067,0.5126050420168067,0.5168067226890757,0.5336134453781513,0.5378151260504201,0.5462184873949579,0.5546218487394958,0.5588235294117647,0.5630252100840336,0.5672268907563025,0.5714285714285714,0.5714285714285714,0.5714285714285714,0.5756302521008403,0.5756302521008403,0.5756302521008403,0.5840336134453782,0.5840336134453782,0.5882352941176471,0.6050420168067226,0.6092436974789915,0.6134453781512605,0.6134453781512605,0.6134453781512605,0.6218487394957983,0.6260504201680672,0.6302521008403361,0.634453781512605,0.6386554621848739,0.6470588235294118,0.6512605042016807,0.6512605042016807,0.6596638655462185,0.6638655462184874,0.6680672268907563,0.6680672268907563,0.6680672268907563,0.6722689075630253,0.6764705882352942,0.6764705882352942,0.6764705882352942",PresaDeHornos,ParqueSur,0.06405137421148324
36,AlignedReId,None,ResNet50,euclidean,"0.037815126050420166,0.05042016806722689,0.08403361344537816,0.1092436974789916,0.1134453781512605,0.13025210084033614,0.13865546218487396,0.15546218487394958,0.1722689075630252,0.18907563025210083,0.19327731092436976,0.22268907563025211,0.23529411764705882,0.27310924369747897,0.28991596638655465,0.29831932773109243,0.3025210084033613,0.31092436974789917,0.31512605042016806,0.3235294117647059,0.3319327731092437,0.33613445378151263,0.3445378151260504,0.36554621848739494,0.3697478991596639,0.3739495798319328,0.3865546218487395,0.3949579831932773,0.39915966386554624,0.4117647058823529,0.41596638655462187,0.4327731092436975,0.44537815126050423,0.4579831932773109,0.46218487394957986,0.46218487394957986,0.47058823529411764,0.47478991596638653,0.4831932773109244,0.49159663865546216,0.5,0.5,0.5084033613445378,0.5084033613445378,0.5084033613445378,0.5126050420168067,0.5126050420168067,0.5210084033613446,0.5252100840336135,0.5336134453781513,0.5504201680672269,0.5504201680672269,0.5546218487394958,0.5588235294117647,0.5672268907563025,0.592436974789916,0.5966386554621849,0.5966386554621849,0.6008403361344538,0.6050420168067226,0.6050420168067226,0.6218487394957983,0.634453781512605,0.6386554621848739,0.6428571428571429,0.6554621848739496,0.6596638655462185,0.6722689075630253,0.6722689075630253,0.6848739495798319,0.6848739495798319,0.6890756302521008,0.6932773109243697,0.6974789915966386,0.6974789915966386,0.7016806722689075,0.7016806722689075,0.7100840336134454,0.7100840336134454,0.7226890756302521,0.7226890756302521,0.726890756302521,0.7310924369747899,0.7352941176470589,0.7352941176470589,0.7394957983193278,0.7521008403361344,0.7563025210084033,0.7563025210084033,0.7647058823529411,0.7647058823529411,0.7647058823529411,0.7647058823529411,0.7647058823529411,0.7689075630252101,0.773109243697479,0.7857142857142857,0.7983193277310925,0.7983193277310925,0.8109243697478992,0.8109243697478992,0.8109243697478992,0.8109243697478992,0.8109243697478992,0.8151260504201681,0.819327731092437,0.8235294117647058",PresaDeHornos,Teror,0.07218898777803827
37,AlignedReId,None,ResNet50,euclidean,"0.16756756756756758,0.2,0.23243243243243245,0.2594594594594595,0.2864864864864865,0.32972972972972975,0.35135135135135137,0.3783783783783784,0.3891891891891892,0.3891891891891892,0.4,0.42162162162162165,0.42702702702702705,0.44324324324324327,0.4702702702702703,0.4864864864864865,0.4972972972972973,0.5027027027027027,0.5081081081081081,0.5243243243243243,0.5351351351351351,0.5405405405405406,0.5405405405405406,0.5513513513513514,0.5621621621621622,0.572972972972973,0.5837837837837838,0.5891891891891892,0.6,0.6054054054054054,0.6054054054054054,0.6108108108108108,0.6162162162162163,0.6216216216216216,0.6216216216216216,0.6216216216216216,0.6270270270270271,0.6378378378378379,0.6432432432432432,0.6432432432432432,0.6432432432432432,0.6432432432432432,0.6486486486486487,0.6486486486486487,0.6486486486486487,0.654054054054054,0.6648648648648648,0.6648648648648648,0.6756756756756757,0.6810810810810811,0.6972972972972973,0.7135135135135136,0.7135135135135136,0.7243243243243244,0.7297297297297297,0.7351351351351352,0.7405405405405405,0.7405405405405405,0.7405405405405405,0.7405405405405405,0.7513513513513513,0.7567567567567568,0.7621621621621621,0.7675675675675676,0.772972972972973,0.7783783783783784,0.7783783783783784,0.7837837837837838,0.7891891891891892,0.7891891891891892,0.7891891891891892,0.8054054054054054,0.8108108108108109,0.8108108108108109,0.8108108108108109,0.8162162162162162,0.8162162162162162,0.8162162162162162,0.827027027027027,0.827027027027027,0.827027027027027,0.827027027027027,0.8324324324324325,0.8324324324324325,0.8324324324324325,0.8324324324324325,0.8324324324324325,0.8324324324324325,0.8324324324324325,0.8324324324324325,0.8378378378378378,0.8378378378378378,0.8378378378378378,0.8432432432432433,0.8432432432432433,0.8432432432432433,0.8432432432432433,0.8432432432432433,0.8432432432432433,0.8432432432432433,0.8432432432432433,0.8432432432432433,0.8432432432432433,0.8486486486486486,0.8486486486486486,0.8486486486486486,0.8540540540540541",Teror,Arucas,0.14653431552652224
38,AlignedReId,None,ResNet50,euclidean,"0.05945945945945946,0.10810810810810811,0.14054054054054055,0.1783783783783784,0.21621621621621623,0.22162162162162163,0.24324324324324326,0.2756756756756757,0.2972972972972973,0.31891891891891894,0.32972972972972975,0.34054054054054056,0.3621621621621622,0.372972972972973,0.372972972972973,0.41621621621621624,0.42162162162162165,0.42162162162162165,0.44324324324324327,0.4594594594594595,0.4756756756756757,0.4864864864864865,0.4918918918918919,0.4972972972972973,0.5027027027027027,0.5027027027027027,0.5081081081081081,0.5081081081081081,0.5135135135135135,0.518918918918919,0.518918918918919,0.518918918918919,0.5297297297297298,0.5405405405405406,0.5405405405405406,0.5513513513513514,0.5621621621621622,0.5621621621621622,0.5621621621621622,0.5621621621621622,0.5675675675675675,0.5783783783783784,0.5837837837837838,0.5891891891891892,0.5891891891891892,0.6162162162162163,0.6324324324324324,0.6378378378378379,0.6486486486486487,0.6648648648648648,0.6702702702702703,0.6810810810810811,0.6918918918918919,0.6972972972972973,0.6972972972972973,0.6972972972972973,0.6972972972972973,0.6972972972972973,0.7027027027027027,0.7027027027027027,0.7081081081081081,0.7189189189189189,0.7297297297297297,0.7297297297297297,0.7351351351351352,0.7405405405405405,0.7405405405405405,0.7405405405405405,0.7405405405405405,0.7513513513513513,0.7513513513513513,0.7513513513513513,0.7567567567567568,0.7567567567567568,0.7675675675675676,0.7675675675675676,0.7675675675675676,0.7837837837837838,0.7891891891891892,0.7891891891891892,0.7945945945945946,0.8,0.8054054054054054,0.8054054054054054,0.8054054054054054,0.8054054054054054,0.8054054054054054,0.8162162162162162,0.8162162162162162,0.8162162162162162,0.8162162162162162,0.8162162162162162,0.827027027027027,0.8378378378378378,0.8486486486486486,0.8486486486486486,0.8540540540540541,0.8540540540540541,0.8594594594594595,0.8648648648648649,0.8648648648648649,0.8648648648648649,0.8648648648648649,0.8702702702702703,0.8702702702702703,0.8702702702702703,0.8702702702702703",Teror,Ayagaures,0.11158877161458892
39,AlignedReId,None,ResNet50,euclidean,"0.05945945945945946,0.07567567567567568,0.12972972972972974,0.14594594594594595,0.15675675675675677,0.1837837837837838,0.1891891891891892,0.21081081081081082,0.22702702702702704,0.22702702702702704,0.24864864864864866,0.25405405405405407,0.2702702702702703,0.2702702702702703,0.2810810810810811,0.3027027027027027,0.3027027027027027,0.3081081081081081,0.31351351351351353,0.31351351351351353,0.32432432432432434,0.34054054054054056,0.35135135135135137,0.3567567567567568,0.372972972972973,0.3891891891891892,0.40540540540540543,0.41081081081081083,0.42162162162162165,0.42702702702702705,0.42702702702702705,0.43243243243243246,0.43243243243243246,0.43243243243243246,0.43243243243243246,0.43243243243243246,0.44324324324324327,0.44324324324324327,0.4486486486486487,0.4594594594594595,0.4594594594594595,0.4594594594594595,0.4648648648648649,0.4648648648648649,0.4702702702702703,0.4918918918918919,0.5027027027027027,0.5027027027027027,0.5081081081081081,0.5081081081081081,0.5243243243243243,0.5243243243243243,0.5405405405405406,0.5513513513513514,0.5621621621621622,0.5675675675675675,0.572972972972973,0.572972972972973,0.5837837837837838,0.5945945945945946,0.5945945945945946,0.5945945945945946,0.5945945945945946,0.6054054054054054,0.6054054054054054,0.6108108108108108,0.6108108108108108,0.6216216216216216,0.6270270270270271,0.6270270270270271,0.6324324324324324,0.6432432432432432,0.6486486486486487,0.654054054054054,0.654054054054054,0.6594594594594595,0.6648648648648648,0.6702702702702703,0.6702702702702703,0.6756756756756757,0.6756756756756757,0.6864864864864865,0.6972972972972973,0.7027027027027027,0.7027027027027027,0.7081081081081081,0.7135135135135136,0.7135135135135136,0.7135135135135136,0.7243243243243244,0.7243243243243244,0.7297297297297297,0.745945945945946,0.7567567567567568,0.7567567567567568,0.7621621621621621,0.7675675675675676,0.7675675675675676,0.772972972972973,0.772972972972973,0.7783783783783784,0.7783783783783784,0.7837837837837838,0.7837837837837838,0.7945945945945946,0.8,0.8",Teror,ParqueSur,0.10367175008579677
40,AlignedReId,None,ResNet50,euclidean,"0.06486486486486487,0.0918918918918919,0.10810810810810811,0.11891891891891893,0.13513513513513514,0.15135135135135136,0.17297297297297298,0.1783783783783784,0.2,0.21081081081081082,0.24324324324324326,0.2594594594594595,0.2756756756756757,0.2864864864864865,0.2972972972972973,0.32432432432432434,0.32432432432432434,0.32972972972972975,0.34054054054054056,0.3567567567567568,0.3567567567567568,0.372972972972973,0.3945945945945946,0.41081081081081083,0.41621621621621624,0.42702702702702705,0.43243243243243246,0.43783783783783786,0.44324324324324327,0.4540540540540541,0.4540540540540541,0.4648648648648649,0.4810810810810811,0.4864864864864865,0.4972972972972973,0.5027027027027027,0.518918918918919,0.518918918918919,0.5243243243243243,0.5351351351351351,0.5459459459459459,0.5513513513513514,0.5621621621621622,0.5675675675675675,0.5783783783783784,0.5837837837837838,0.6,0.6054054054054054,0.6108108108108108,0.6162162162162163,0.6270270270270271,0.6378378378378379,0.6378378378378379,0.6378378378378379,0.6378378378378379,0.6486486486486487,0.6486486486486487,0.6702702702702703,0.6756756756756757,0.6756756756756757,0.6810810810810811,0.6810810810810811,0.6864864864864865,0.6864864864864865,0.6864864864864865,0.6864864864864865,0.6918918918918919,0.7027027027027027,0.7189189189189189,0.7189189189189189,0.7189189189189189,0.7297297297297297,0.7351351351351352,0.7351351351351352,0.7405405405405405,0.745945945945946,0.7567567567567568,0.7621621621621621,0.7675675675675676,0.772972972972973,0.772972972972973,0.772972972972973,0.772972972972973,0.772972972972973,0.772972972972973,0.772972972972973,0.7837837837837838,0.7891891891891892,0.7891891891891892,0.7945945945945946,0.8054054054054054,0.8108108108108109,0.8162162162162162,0.827027027027027,0.827027027027027,0.827027027027027,0.827027027027027,0.8324324324324325,0.8324324324324325,0.8432432432432433,0.8486486486486486,0.8540540540540541,0.8540540540540541,0.8594594594594595,0.8594594594594595,0.8594594594594595,0.8648648648648649",Teror,PresaDeHornos,0.0919969828156218
41,retinaface,none,ArcFace,cosine,"0.039301310043668124,0.048034934497816595,0.05240174672489083,0.06550218340611354,0.07860262008733625,0.08296943231441048,0.10480349344978165,0.11353711790393013,0.1222707423580786,0.13537117903930132,0.14847161572052403,0.1572052401746725,0.1615720524017467,0.1703056768558952,0.1703056768558952,0.17467248908296942,0.18340611353711792,0.19213973799126638,0.20087336244541484,0.21397379912663755,0.2183406113537118,0.2314410480349345,0.2445414847161572,0.2445414847161572,0.25327510917030566,0.25327510917030566,0.2663755458515284,0.27074235807860264,0.2838427947598253,0.2838427947598253,0.2925764192139738,0.2925764192139738,0.2925764192139738,0.30131004366812225,0.30131004366812225,0.314410480349345,0.314410480349345,0.31877729257641924,0.3231441048034934,0.3231441048034934,0.3231441048034934,0.3231441048034934,0.3231441048034934,0.3318777292576419,0.33624454148471616,0.34497816593886466,0.34934497816593885,0.34934497816593885,0.34934497816593885,0.3537117903930131,0.3624454148471616,0.36681222707423583,0.37554585152838427,0.37554585152838427,0.38427947598253276,0.39737991266375544,0.39737991266375544,0.40611353711790393,0.4192139737991266,0.42358078602620086,0.43231441048034935,0.4366812227074236,0.44541484716157204,0.4497816593886463,0.45414847161572053,0.462882096069869,0.4759825327510917,0.4759825327510917,0.4759825327510917,0.4759825327510917,0.4847161572052402,0.49344978165938863,0.4978165938864629,0.4978165938864629,0.4978165938864629,0.4978165938864629,0.5021834061135371,0.5065502183406113,0.5152838427947598,0.519650655021834,0.519650655021834,0.5327510917030568,0.5327510917030568,0.5414847161572053,0.5414847161572053,0.5502183406113537,0.5589519650655022,0.5633187772925764,0.5633187772925764,0.5720524017467249,0.5720524017467249,0.5764192139737991,0.5807860262008734,0.5807860262008734,0.5807860262008734,0.5851528384279476,0.5851528384279476,0.5895196506550219,0.5938864628820961,0.5938864628820961,0.5938864628820961,0.5938864628820961,0.6026200873362445,0.6026200873362445,0.6069868995633187,0.6157205240174672,0.6200873362445415",Ayagaures,ParqueSur,0.05273769505467881
